"Org","Gene_Locus","KO_Nbr","Gene_Name","Gene_Function","E_Score","P_Score","Organism"
"hpz","HPKB_0002","K00794","ribH, RIB4","6,7-dimethyl-8-ribityllumazine synthase","0.2177","0.2963","Helicobacter pylori 52"
"hpz","HPKB_0003","K01627","kdsA","2-dehydro-3-deoxyphosphooctonate aldolase (KDO 8-P synthase)","0.2898","0.2015","Helicobacter pylori 52"
"hpz","HPKB_0004","K01673","cynT, can","carbonic anhydrase","0.0399","0.0279","Helicobacter pylori 52"
"hpz","HPKB_0005","K01591","pyrF","orotidine-5-phosphate decarboxylase","0.0665","0.1970","Helicobacter pylori 52"
"hpz","HPKB_0006","K01918","panC","pantoate--beta-alanine ligase","0.2338","0.2517","Helicobacter pylori 52"
"hpz","HPKB_0007","K14224","tRNA-Glu","tRNA Glu","0.0000 ","0.2024","Helicobacter pylori 52"
"hpz","HPKB_0008","K14221","tRNA-Asp","tRNA Asp","0.0000 ","0.2024","Helicobacter pylori 52"
"hpz","HPKB_0009","K14237","tRNA-Val","tRNA Val","0.0060","0.2024","Helicobacter pylori 52"
"hpz","HPKB_0010","K14224","tRNA-Glu","tRNA Glu","0.0000 ","0.2024","Helicobacter pylori 52"
"hpz","HPKB_0011","K14229","tRNA-Lys","tRNA Lys","0.0060","0.2024","Helicobacter pylori 52"
"hpz","HPKB_0013","K04077","groEL, HSPD1","chaperonin GroEL","0.4440","0.5638","Helicobacter pylori 52"
"hpz","HPKB_0015","K02316","dnaG","DNA primase","0.3877","0.2987","Helicobacter pylori 52"
"hpz","HPKB_0016","K00566","mnmA, trmU","tRNA-uridine 2-sulfurtransferase","0.5166","0.3627","Helicobacter pylori 52"
"hpz","HPKB_0022","K03415","cheV","two-component system, chemotaxis family, response regulator CheV","0.0000 ","0.0032","Helicobacter pylori 52"
"hpz","HPKB_0023","K13747","nspC","carboxynorspermidine decarboxylase","0.0039","0.0391","Helicobacter pylori 52"
"hpz","HPKB_0025","K03760","eptA, pmrC","lipid A ethanolaminephosphotransferase","0.0000 ","0.0043","Helicobacter pylori 52"
"hpz","HPKB_0028","K04517","tyrA2","prephenate dehydrogenase","0.0824","0.0517","Helicobacter pylori 52"
"hpz","HPKB_0032","K02372","fabZ","3-hydroxyacyl-[acyl-carrier-protein] dehydratase","0.5987","0.6766","Helicobacter pylori 52"
"hpz","HPKB_0033","K00677","lpxA","UDP-N-acetylglucosamine acyltransferase","0.4842","0.3084","Helicobacter pylori 52"
"hpz","HPKB_0040","K02314","dnaB","replicative DNA helicase","0.6807","0.7836","Helicobacter pylori 52"
"hpz","HPKB_0042","K03179","ubiA","4-hydroxybenzoate polyprenyltransferase","0.2743","0.0958","Helicobacter pylori 52"
"hpz","HPKB_0045","K01613","psd, PISD","phosphatidylserine decarboxylase","0.2176","0.1484","Helicobacter pylori 52"
"hpz","HPKB_0046","K03517","nadA","quinolinate synthase","0.0463","0.1954","Helicobacter pylori 52"
"hpz","HPKB_0047","K00767","nadC, QPRT","nicotinate-nucleotide pyrophosphorylase (carboxylating)","0.0445","0.1747","Helicobacter pylori 52"
"hpz","HPKB_0053","K00655","plsC","1-acyl-sn-glycerol-3-phosphate acyltransferase","0.7119","0.5099","Helicobacter pylori 52"
"hpz","HPKB_0054","K03648","UNG, UDG","uracil-DNA glycosylase","0.0184","0.0637","Helicobacter pylori 52"
"hpz","HPKB_0055","K00134","GAPDH, gapA","glyceraldehyde 3-phosphate dehydrogenase","0.5166","0.5281","Helicobacter pylori 52"
"hpz","HPKB_0056","K00927","PGK, pgk","phosphoglycerate kinase","0.3906","0.5214","Helicobacter pylori 52"
"hpz","HPKB_0060","K00558","DNMT1, dcm","DNA (cytosine-5)-methyltransferase 1","0.1370","0.1102","Helicobacter pylori 52"
"hpz","HPKB_0063","K13821","putA","RHH-type transcriptional regulator, proline utilization regulon repressor / proline dehydrogenase / delta 1-pyrroline-5-carboxylate dehydrogenase","0.0750","0.0820","Helicobacter pylori 52"
"hpz","HPKB_0084","K01428","ureC","urease subunit alpha","0.0022","0.0055","Helicobacter pylori 52"
"hpz","HPKB_0085","K14048","ureAB","urease subunit gamma/beta","0.0071","0.0029","Helicobacter pylori 52"
"hpz","HPKB_0086","K14237","tRNA-Val","tRNA Val","0.0060","0.2024","Helicobacter pylori 52"
"hpz","HPKB_0087","K03101","lspA","signal peptidase II","0.2338","0.2223","Helicobacter pylori 52"
"hpz","HPKB_0088","K03431","glmM","phosphoglucosamine mutase","0.6398","0.1673","Helicobacter pylori 52"
"hpz","HPKB_0089","K02968","RP-S20, rpsT","small subunit ribosomal protein S20","0.2265","0.4557","Helicobacter pylori 52"
"hpz","HPKB_0094","K03406","mcp","methyl-accepting chemotaxis protein","0.0071","0.0042","Helicobacter pylori 52"
"hpz","HPKB_0095","K02996","RP-S9, MRPS9, rpsI","small subunit ribosomal protein S9","0.5166","0.6003","Helicobacter pylori 52"
"hpz","HPKB_0096","K02871","RP-L13, MRPL13, rplM","large subunit ribosomal protein L13","0.7119","0.6883","Helicobacter pylori 52"
"hpz","HPKB_0098","K00116","mqo","malate dehydrogenase (quinone)","0.0770","0.0452","Helicobacter pylori 52"
"hpz","HPKB_0101","K18284","K18284","adenosylhomocysteine/aminodeoxyfutalosine nucleosidase","0.0987","0.0377","Helicobacter pylori 52"
"hpz","HPKB_0102","K00645","fabD","[acyl-carrier-protein] S-malonyltransferase","0.7026","0.4710","Helicobacter pylori 52"
"hpz","HPKB_0103","K14233","tRNA-Ser","tRNA Ser","0.0000 ","0.2024","Helicobacter pylori 52"
"hpz","HPKB_0111","K01733","thrC","threonine synthase","0.1110","0.1922","Helicobacter pylori 52"
"hpz","HPKB_0112","K03406","mcp","methyl-accepting chemotaxis protein","0.0071","0.0042","Helicobacter pylori 52"
"hpz","HPKB_0116","K03406","mcp","methyl-accepting chemotaxis protein","0.0071","0.0042","Helicobacter pylori 52"
"hpz","HPKB_0117","K01119","cpdB","2,3-cyclic-nucleotide 2-phosphodiesterase / 3-nucleotidase","0.0017","0.2566","Helicobacter pylori 52"
"hpz","HPKB_0118","K07173","luxS","S-ribosylhomocysteine lyase","0.0000 ","0.0000 ","Helicobacter pylori 52"
"hpz","HPKB_0119","K01760","metC","cystathionine beta-lyase","0.3447","0.2232","Helicobacter pylori 52"
"hpz","HPKB_0120","K01738","cysK","cysteine synthase A","0.0899","0.1017","Helicobacter pylori 52"
"hpz","HPKB_0121","K04043","dnaK","molecular chaperone DnaK","0.3525","0.3257","Helicobacter pylori 52"
"hpz","HPKB_0124","K01628","fucA","L-fuculose-phosphate aldolase","0.0000 ","0.0002","Helicobacter pylori 52"
"hpz","HPKB_0127","K02406","fliC","flagellin","0.0016","0.0097","Helicobacter pylori 52"
"hpz","HPKB_0131","K01007","pps, ppsA","pyruvate, water dikinase","0.4013","0.4084","Helicobacter pylori 52"
"hpz","HPKB_0133","K01868","TARS, thrS","threonyl-tRNA synthetase","0.6103","0.5347","Helicobacter pylori 52"
"hpz","HPKB_0135","K02916","RP-L35, MRPL35, rpmI","large subunit ribosomal protein L35","0.3752","0.5158","Helicobacter pylori 52"
"hpz","HPKB_0136","K02887","RP-L20, MRPL20, rplT","large subunit ribosomal protein L20","0.4873","0.5756","Helicobacter pylori 52"
"hpz","HPKB_0140","K01752","E4.3.1.17, sdaA, sdaB, tdcG","L-serine dehydratase","0.1877","0.2699","Helicobacter pylori 52"
"hpz","HPKB_0142","K01626","E2.5.1.54, aroF, aroG, aroH","3-deoxy-7-phosphoheptulonate synthase","0.0606","0.0964","Helicobacter pylori 52"
"hpz","HPKB_0150","K03575","mutY","A/G-specific adenine glycosylase","0.0000 ","0.0035","Helicobacter pylori 52"
"hpz","HPKB_0151","K09477","citT","citrate:succinate antiporter","0.0000 ","0.0012","Helicobacter pylori 52"
"hpz","HPKB_0152","K00404","ccoN","cytochrome c oxidase cbb3-type subunit I","0.0024","0.0119","Helicobacter pylori 52"
"hpz","HPKB_0153","K00405","ccoO","cytochrome c oxidase cbb3-type subunit II","0.0026","0.0116","Helicobacter pylori 52"
"hpz","HPKB_0154","K00407","ccoQ","cytochrome c oxidase cbb3-type subunit IV","0.0031","0.0292","Helicobacter pylori 52"
"hpz","HPKB_0155","K00406","ccoP","cytochrome c oxidase cbb3-type subunit III","0.0026","0.0093","Helicobacter pylori 52"
"hpz","HPKB_0160","K11785","mqnD","1,4-dihydroxy-6-naphthoate synthase","0.0000 ","0.0464","Helicobacter pylori 52"
"hpz","HPKB_0161","K03553","recA","recombination protein RecA","0.0156","0.0636","Helicobacter pylori 52"
"hpz","HPKB_0162","K01689","ENO, eno","enolase","0.4306","0.5736","Helicobacter pylori 52"
"hpz","HPKB_0165","K00891","E2.7.1.71, aroK, aroL","shikimate kinase","0.1756","0.1196","Helicobacter pylori 52"
"hpz","HPKB_0167","K03279","waaJ, rfaJ","UDP-glucose:(galactosyl)LPS alpha-1,2-glucosyltransferase","0.0000 ","0.0605","Helicobacter pylori 52"
"hpz","HPKB_0170","K01698","hemB, ALAD","porphobilinogen synthase","0.3579","0.2014","Helicobacter pylori 52"
"hpz","HPKB_0180","K02421","fliR","flagellar biosynthetic protein FliR","0.0000 ","0.0013","Helicobacter pylori 52"
"hpz","HPKB_0183","K01624","FBA, fbaA","fructose-bisphosphate aldolase, class II","0.5327","0.3946","Helicobacter pylori 52"
"hpz","HPKB_0188","K15898","pseI, neuB3","pseudaminic acid synthase","0.0000 ","0.0172","Helicobacter pylori 52"
"hpz","HPKB_0192","K04567","KARS, lysS","lysyl-tRNA synthetase, class II","0.4899","0.4350","Helicobacter pylori 52"
"hpz","HPKB_0193","K00600","glyA, SHMT","glycine hydroxymethyltransferase","0.3164","0.4597","Helicobacter pylori 52"
"hpz","HPKB_0199","K00245","frdB","fumarate reductase iron-sulfur subunit","0.2589","0.2230","Helicobacter pylori 52"
"hpz","HPKB_0200","K00244","frdA","fumarate reductase flavoprotein subunit","0.2589","0.1712","Helicobacter pylori 52"
"hpz","HPKB_0201","K00246","frdC","fumarate reductase subunit C","0.2589","0.2178","Helicobacter pylori 52"
"hpz","HPKB_0202","K01803","TPI, tpiA","triosephosphate isomerase (TIM)","0.5625","0.7010","Helicobacter pylori 52"
"hpz","HPKB_0203","K00208","fabI","enoyl-[acyl-carrier protein] reductase I","0.5376","0.5020","Helicobacter pylori 52"
"hpz","HPKB_0204","K02536","lpxD","UDP-3-O-[3-hydroxymyristoyl] glucosamine N-acyltransferase","0.5366","0.2754","Helicobacter pylori 52"
"hpz","HPKB_0205","K00789","metK","S-adenosylmethionine synthetase","0.7119","0.5349","Helicobacter pylori 52"
"hpz","HPKB_0206","K00940","ndk, NME","nucleoside-diphosphate kinase","0.7341","0.8327","Helicobacter pylori 52"
"hpz","HPKB_0208","K02911","RP-L32, MRPL32, rpmF","large subunit ribosomal protein L32","0.2338","0.4521","Helicobacter pylori 52"
"hpz","HPKB_0211","K00648","fabH","3-oxoacyl-[acyl-carrier-protein] synthase III","0.7190","0.3716","Helicobacter pylori 52"
"hpz","HPKB_0220","K01439","dapE","succinyl-diaminopimelate desuccinylase","0.3579","0.1038","Helicobacter pylori 52"
"hpz","HPKB_0224","K00981","E2.7.7.41, CDS1, CDS2, cdsA","phosphatidate cytidylyltransferase","0.8212","0.9472","Helicobacter pylori 52"
"hpz","HPKB_0225","K00099","dxr","1-deoxy-D-xylulose-5-phosphate reductoisomerase","0.5774","0.3985","Helicobacter pylori 52"
"hpz","HPKB_0230","K04487","iscS, NFS1","cysteine desulfurase","0.4010","0.3030","Helicobacter pylori 52"
"hpz","HPKB_0238","K14220","tRNA-Asn","tRNA Asn","0.0000 ","0.2024","Helicobacter pylori 52"
"hpz","HPKB_0240","K00979","kdsB","3-deoxy-manno-octulosonate cytidylyltransferase (CMP-KDO synthetase)","0.4649","0.2620","Helicobacter pylori 52"
"hpz","HPKB_0247","K01749","hemC, HMBS","hydroxymethylbilane synthase","0.4471","0.2333","Helicobacter pylori 52"
"hpz","HPKB_0248","K01881","PARS, proS","prolyl-tRNA synthetase","0.6601","0.5571","Helicobacter pylori 52"
"hpz","HPKB_0249","K02492","hemA","glutamyl-tRNA reductase","0.2206","0.1199","Helicobacter pylori 52"
"hpz","HPKB_0250","K02523","ispB","octaprenyl-diphosphate synthase","0.3018","0.2081","Helicobacter pylori 52"
"hpz","HPKB_0254","K07710","atoS","two-component system, NtrC family, sensor histidine kinase AtoS","0.0000 ","0.0013","Helicobacter pylori 52"
"hpz","HPKB_0256","K02394","flgI","flagellar P-ring protein precursor FlgI","0.0000 ","0.0007","Helicobacter pylori 52"
"hpz","HPKB_0257","K05592","deaD, cshA","ATP-dependent RNA helicase DeaD","0.0000 ","0.0313","Helicobacter pylori 52"
"hpz","HPKB_0260","K13896","yejF","microcin C transport system ATP-binding protein","0.0022","0.0086","Helicobacter pylori 52"
"hpz","HPKB_0261","K13895","yejE","microcin C transport system permease protein","0.0000 ","0.0053","Helicobacter pylori 52"
"hpz","HPKB_0262","K14218","tRNA-Ala","tRNA Ala","0.0060","0.2024","Helicobacter pylori 52"
"hpz","HPKB_0265","K01939","purA, ADSS","adenylosuccinate synthase","0.1496","0.2426","Helicobacter pylori 52"
"hpz","HPKB_0268","K11749","rseP","regulator of sigma E protease","0.0563","0.0923","Helicobacter pylori 52"
"hpz","HPKB_0269","K03601","xseA","exodeoxyribonuclease VII large subunit","0.0000 ","0.0099","Helicobacter pylori 52"
"hpz","HPKB_0277","K01465","URA4, pyrC","dihydroorotase","0.0386","0.1747","Helicobacter pylori 52"
"hpz","HPKB_0278","K20810","mqnX","aminodeoxyfutalosine deaminase","0.0000 ","0.0475","Helicobacter pylori 52"
"hpz","HPKB_0287","K01609","trpC","indole-3-glycerol phosphate synthase","0.0579","0.0881","Helicobacter pylori 52"
"hpz","HPKB_0289","K01524","ppx-gppA","exopolyphosphatase / guanosine-5-triphosphate,3-diphosphate pyrophosphatase","0.0111","0.0535","Helicobacter pylori 52"
"hpz","HPKB_0290","K02841","waaC, rfaC","heptosyltransferase I","0.0666","0.0662","Helicobacter pylori 52"
"hpz","HPKB_0291","K02517","lpxL, htrB","Kdo2-lipid IVA lauroyltransferase","0.1623","0.0916","Helicobacter pylori 52"
"hpz","HPKB_0294","K01735","aroB","3-dehydroquinate synthase","0.1039","0.1485","Helicobacter pylori 52"
"hpz","HPKB_0301","K01586","lysA","diaminopimelate decarboxylase","0.0710","0.1073","Helicobacter pylori 52"
"hpz","HPKB_0302","K04093","pheA1","chorismate mutase","0.0722","0.0718","Helicobacter pylori 52"
"hpz","HPKB_0304","K03342","pabBC","para-aminobenzoate synthetase / 4-amino-4-deoxychorismate lyase","0.0000 ","0.1423","Helicobacter pylori 52"
"hpz","HPKB_0305","K01426","E3.5.1.4, amiE","amidase","0.0000 ","0.0465","Helicobacter pylori 52"
"hpz","HPKB_0306","K02397","flgL","flagellar hook-associated protein 3 FlgL","0.0016","0.0053","Helicobacter pylori 52"
"hpz","HPKB_0307","K02888","RP-L21, MRPL21, rplU","large subunit ribosomal protein L21","0.3906","0.5424","Helicobacter pylori 52"
"hpz","HPKB_0308","K02899","RP-L27, MRPL27, rpmA","large subunit ribosomal protein L27","0.3906","0.5424","Helicobacter pylori 52"
"hpz","HPKB_0309","K12368","dppA","dipeptide transport system substrate-binding protein","0.0000 ","0.0027","Helicobacter pylori 52"
"hpz","HPKB_0310","K12369","dppB","dipeptide transport system permease protein","0.0000 ","0.0075","Helicobacter pylori 52"
"hpz","HPKB_0311","K12370","dppC","dipeptide transport system permease protein","0.0000 ","0.0075","Helicobacter pylori 52"
"hpz","HPKB_0312","K12371","dppD","dipeptide transport system ATP-binding protein","0.0026","0.0072","Helicobacter pylori 52"
"hpz","HPKB_0313","K12372","dppF","dipeptide transport system ATP-binding protein","0.0026","0.0072","Helicobacter pylori 52"
"hpz","HPKB_0317","K01845","hemL","glutamate-1-semialdehyde 2,1-aminomutase","0.1623","0.1170","Helicobacter pylori 52"
"hpz","HPKB_0326","K01887","RARS, argS","arginyl-tRNA synthetase","0.5800","0.5082","Helicobacter pylori 52"
"hpz","HPKB_0327","K03116","tatA","sec-independent protein translocase protein TatA","0.0206","0.0739","Helicobacter pylori 52"
"hpz","HPKB_0328","K00942","E2.7.4.8, gmk","guanylate kinase","0.8789","0.5063","Helicobacter pylori 52"
"hpz","HPKB_0332","K02393","flgH","flagellar L-ring protein precursor FlgH","0.0000 ","0.0007","Helicobacter pylori 52"
"hpz","HPKB_0335","K00912","lpxK","tetraacyldisaccharide 4-kinase","0.4534","0.2386","Helicobacter pylori 52"
"hpz","HPKB_0336","K01916","nadE","NAD+ synthase","0.6496","0.4952","Helicobacter pylori 52"
"hpz","HPKB_0337","K14219","tRNA-Arg","tRNA Arg","0.0000 ","0.2024","Helicobacter pylori 52"
"hpz","HPKB_0338","K00053","ilvC","ketol-acid reductoisomerase","0.0563","0.1147","Helicobacter pylori 52"
"hpz","HPKB_0351","K07462","recJ","single-stranded-DNA-specific exonuclease","0.0042","0.0324","Helicobacter pylori 52"
"hpz","HPKB_0352","K01937","pyrG, CTPS","CTP synthase","0.7895","0.5413","Helicobacter pylori 52"
"hpz","HPKB_0354","K02409","fliF","flagellar M-ring protein FliF","0.0000 ","0.0013","Helicobacter pylori 52"
"hpz","HPKB_0355","K02410","fliG","flagellar motor switch protein FliG","0.0000 ","0.0039","Helicobacter pylori 52"
"hpz","HPKB_0356","K02411","fliH","flagellar assembly protein FliH","0.0000 ","0.0007","Helicobacter pylori 52"
"hpz","HPKB_0357","K01662","dxs","1-deoxy-D-xylulose-5-phosphate synthase","0.6552","0.5909","Helicobacter pylori 52"
"hpz","HPKB_0359","K00558","DNMT1, dcm","DNA (cytosine-5)-methyltransferase 1","0.1370","0.1102","Helicobacter pylori 52"
"hpz","HPKB_0361","K02392","flgG","flagellar basal-body rod protein FlgG","0.0000 ","0.0007","Helicobacter pylori 52"
"hpz","HPKB_0365","K00615","E2.2.1.1, tktA, tktB","transketolase","0.4726","0.6145","Helicobacter pylori 52"
"hpz","HPKB_0366","K11753","ribF","riboflavin kinase / FMN adenylyltransferase","0.6293","0.5031","Helicobacter pylori 52"
"hpz","HPKB_0369","K00609","pyrB, PYR2","aspartate carbamoyltransferase catalytic subunit","0.0526","0.2378","Helicobacter pylori 52"
"hpz","HPKB_0371","K11085","msbA","ATP-binding cassette, subfamily B, bacterial MsbA","0.3149","0.0165","Helicobacter pylori 52"
"hpz","HPKB_0380","K17103","CHO1, pssA","CDP-diacylglycerol---serine O-phosphatidyltransferase","0.3583","0.2425","Helicobacter pylori 52"
"hpz","HPKB_0384","K03413","cheY","two-component system, chemotaxis family, response regulator CheY","0.0000 ","0.0036","Helicobacter pylori 52"
"hpz","HPKB_0386","K14233","tRNA-Ser","tRNA Ser","0.0000 ","0.2024","Helicobacter pylori 52"
"hpz","HPKB_0391","K03118","tatC","sec-independent protein translocase protein TatC","0.0584","0.1144","Helicobacter pylori 52"
"hpz","HPKB_0392","K03117","tatB","sec-independent protein translocase protein TatB","0.0131","0.0739","Helicobacter pylori 52"
"hpz","HPKB_0393","K03551","ruvB","holliday junction DNA helicase RuvB","0.0625","0.1054","Helicobacter pylori 52"
"hpz","HPKB_0394","K00606","panB","3-methyl-2-oxobutanoate hydroxymethyltransferase","0.1192","0.2722","Helicobacter pylori 52"
"hpz","HPKB_0400","K02535","lpxC","UDP-3-O-[3-hydroxymyristoyl] N-acetylglucosamine deacetylase","0.4346","0.2421","Helicobacter pylori 52"
"hpz","HPKB_0402","K00872","thrB1","homoserine kinase","0.0895","0.1017","Helicobacter pylori 52"
"hpz","HPKB_0407","K01895","ACSS, acs","acetyl-CoA synthetase","0.0111","0.0269","Helicobacter pylori 52"
"hpz","HPKB_0411","K02400","flhA","flagellar biosynthesis protein FlhA","0.0000 ","0.0007","Helicobacter pylori 52"
"hpz","HPKB_0412","K02956","RP-S15, MRPS15, rpsO","small subunit ribosomal protein S15","0.2910","0.4866","Helicobacter pylori 52"
"hpz","HPKB_0413","K02847","waaL, rfaL","O-antigen ligase","0.0141","0.0617","Helicobacter pylori 52"
"hpz","HPKB_0414","K03786","aroQ, qutE","3-dehydroquinate dehydratase II","0.1693","0.1315","Helicobacter pylori 52"
"hpz","HPKB_0416","K00950","folK","2-amino-4-hydroxy-6-hydroxymethyldihydropteridine diphosphokinase","0.4583","0.4040","Helicobacter pylori 52"
"hpz","HPKB_0420","K02405","fliA","RNA polymerase sigma factor for flagellar operon FliA","0.0000 ","0.0062","Helicobacter pylori 52"
"hpz","HPKB_0421","K02416","fliM","flagellar motor switch protein FliM","0.0000 ","0.0039","Helicobacter pylori 52"
"hpz","HPKB_0422","K02417","fliNY, fliN","flagellar motor switch protein FliN/FliY","0.0067","0.0087","Helicobacter pylori 52"
"hpz","HPKB_0430","K02335","DPO1, polA","DNA polymerase I","0.7656","0.8943","Helicobacter pylori 52"
"hpz","HPKB_0432","K12506","ispDF","2-C-methyl-D-erythritol 4-phosphate cytidylyltransferase / 2-C-methyl-D-erythritol 2,4-cyclodiphosphate synthase","0.6234","0.3906","Helicobacter pylori 52"
"hpz","HPKB_0433","K04771","degP, htrA","serine protease Do","0.0015","0.0052","Helicobacter pylori 52"
"hpz","HPKB_0435","K00995","pgsA, PGS1","CDP-diacylglycerol--glycerol-3-phosphate 3-phosphatidyltransferase","0.5261","0.1601","Helicobacter pylori 52"
"hpz","HPKB_0437","K00076","hdhA","7-alpha-hydroxysteroid dehydrogenase","0.0000 ","0.0358","Helicobacter pylori 52"
"hpz","HPKB_0438","K01714","dapA","4-hydroxy-tetrahydrodipicolinate synthase","0.4899","0.3442","Helicobacter pylori 52"
"hpz","HPKB_0440","K00254","DHODH, pyrD","dihydroorotate dehydrogenase","0.0463","0.1443","Helicobacter pylori 52"
"hpz","HPKB_0441","K00937","ppk","polyphosphate kinase","0.0000 ","0.0000 ","Helicobacter pylori 52"
"hpz","HPKB_0442","K14232","tRNA-Pro","tRNA Pro","0.0000 ","0.2024","Helicobacter pylori 52"
"hpz","HPKB_0455","K02020","modA","molybdate transport system substrate-binding protein","0.0000 ","0.0053","Helicobacter pylori 52"
"hpz","HPKB_0456","K02017","modC","molybdate transport system ATP-binding protein","0.0017","0.0074","Helicobacter pylori 52"
"hpz","HPKB_0457","K01885","EARS, gltX","glutamyl-tRNA synthetase","0.6626","0.5645","Helicobacter pylori 52"
"hpz","HPKB_0465","K00558","DNMT1, dcm","DNA (cytosine-5)-methyltransferase 1","0.1370","0.1102","Helicobacter pylori 52"
"hpz","HPKB_0467","K03781","katE, CAT, catB, srpA","catalase","0.0000 ","0.0000 ","Helicobacter pylori 52"
"hpz","HPKB_0472","K01159","ruvC","crossover junction endodeoxyribonuclease RuvC","0.0198","0.0563","Helicobacter pylori 52"
"hpz","HPKB_0474","K03781","katE, CAT, catB, srpA","catalase","0.0000 ","0.0000 ","Helicobacter pylori 52"
"hpz","HPKB_0478","K01521","cdh","CDP-diacylglycerol pyrophosphatase","0.0000 ","0.0333","Helicobacter pylori 52"
"hpz","HPKB_0479","K02390","flgE","flagellar hook protein FlgE","0.0000 ","0.0007","Helicobacter pylori 52"
"hpz","HPKB_0482","K00748","lpxB","lipid-A-disaccharide synthase","0.4346","0.2421","Helicobacter pylori 52"
"hpz","HPKB_0484","K01520","dut, DUT","dUTP pyrophosphatase","0.3727","0.3207","Helicobacter pylori 52"
"hpz","HPKB_0487","K03525","coaX","type III pantothenate kinase","0.4954","0.4088","Helicobacter pylori 52"
"hpz","HPKB_0489","K03273","gmhB","D-glycero-D-manno-heptose 1,7-bisphosphate phosphatase","0.0875","0.0999","Helicobacter pylori 52"
"hpz","HPKB_0490","K03274","gmhD, rfaD","ADP-L-glycero-D-manno-heptose 6-epimerase","0.0302","0.0632","Helicobacter pylori 52"
"hpz","HPKB_0491","K03272","gmhC, hldE, waaE, rfaE","D-beta-D-heptose 7-phosphate kinase / D-beta-D-heptose 1-phosphate adenosyltransferase","0.0824","0.0809","Helicobacter pylori 52"
"hpz","HPKB_0492","K03271","gmhA, lpcA","D-sedoheptulose 7-phosphate isomerase","0.0472","0.0727","Helicobacter pylori 52"
"hpz","HPKB_0493","K00364","E1.7.1.7, guaC","GMP reductase","0.0000 ","0.0331","Helicobacter pylori 52"
"hpz","HPKB_0496","K19302","bcrC","undecaprenyl-diphosphatase","0.0000 ","0.0619","Helicobacter pylori 52"
"hpz","HPKB_0500","K00878","thiM","hydroxyethylthiazole kinase","0.0000 ","0.0811","Helicobacter pylori 52"
"hpz","HPKB_0501","K00941","thiD","hydroxymethylpyrimidine/phosphomethylpyrimidine kinase","0.1238","0.1645","Helicobacter pylori 52"
"hpz","HPKB_0502","K00788","thiE","thiamine-phosphate pyrophosphorylase","0.1443","0.1297","Helicobacter pylori 52"
"hpz","HPKB_0504","K13038","coaBC, dfp","phosphopantothenoylcysteine decarboxylase / phosphopantothenate--cysteine ligase","0.4153","0.3095","Helicobacter pylori 52"
"hpz","HPKB_0505","K15894","pseB","UDP-N-acetylglucosamine 4,6-dehydratase","0.0000 ","0.0228","Helicobacter pylori 52"
"hpz","HPKB_0509","K14219","tRNA-Arg","tRNA Arg","0.0000 ","0.2024","Helicobacter pylori 52"
"hpz","HPKB_0514","K00797","speE, SRM","spermidine synthase","0.0000 ","0.0000 ","Helicobacter pylori 52"
"hpz","HPKB_0515","K00859","coaE","dephospho-CoA kinase","0.5800","0.5125","Helicobacter pylori 52"
"hpz","HPKB_0516","K02433","gatA, QRSL1","aspartyl-tRNA(Asn)/glutamyl-tRNA(Gln) amidotransferase subunit A","0.5916","0.2286","Helicobacter pylori 52"
"hpz","HPKB_0517","K00088","IMPDH, guaB","IMP dehydrogenase","0.3003","0.3932","Helicobacter pylori 52"
"hpz","HPKB_0518","K02108","ATPF0A, atpB","F-type H+-transporting ATPase subunit a","0.3003","0.3956","Helicobacter pylori 52"
"hpz","HPKB_0521","K00384","trxB","thioredoxin reductase (NADPH)","0.1650","0.2275","Helicobacter pylori 52"
"hpz","HPKB_0524","K00003","E1.1.1.3","homoserine dehydrogenase","0.1029","0.1079","Helicobacter pylori 52"
"hpz","HPKB_0525","K03703","uvrC","excinuclease ABC subunit C","0.0009","0.0153","Helicobacter pylori 52"
"hpz","HPKB_0527","K05847","opuA","osmoprotectant transport system ATP-binding protein","0.0000 ","0.0053","Helicobacter pylori 52"
"hpz","HPKB_0528","K05845","opuC","osmoprotectant transport system substrate-binding protein","0.0000 ","0.0053","Helicobacter pylori 52"
"hpz","HPKB_0534","K02557","motB","chemotaxis protein MotB","0.0016","0.0085","Helicobacter pylori 52"
"hpz","HPKB_0535","K02556","motA","chemotaxis protein MotA","0.0000 ","0.0000 ","Helicobacter pylori 52"
"hpz","HPKB_0542","K00997","acpS","holo-[acyl-carrier protein] synthase","0.2267","0.2984","Helicobacter pylori 52"
"hpz","HPKB_0546","K14652","ribBA","3,4-dihydroxy 2-butanone 4-phosphate synthase / GTP cyclohydrolase II","0.3054","0.3176","Helicobacter pylori 52"
"hpz","HPKB_0548","K01497","ribA, RIB1","GTP cyclohydrolase II","0.4227","0.3180","Helicobacter pylori 52"
"hpz","HPKB_0549","K03636","moaD, cysO","sulfur-carrier protein","0.0000 ","0.0140","Helicobacter pylori 52"
"hpz","HPKB_0550","K03635","MOCS2B, moaE","molybdopterin synthase catalytic subunit","0.0115","0.0336","Helicobacter pylori 52"
"hpz","HPKB_0551","K03831","mogA","molybdopterin adenylyltransferase","0.0106","0.0170","Helicobacter pylori 52"
"hpz","HPKB_0552","K03637","moaC, CNX3","cyclic pyranopterin monophosphate synthase","0.0064","0.0241","Helicobacter pylori 52"
"hpz","HPKB_0563","K03070","secA","preprotein translocase subunit SecA","0.3906","0.4886","Helicobacter pylori 52"
"hpz","HPKB_0572","K11782","mqnA","chorismate dehydratase","0.0000 ","0.0464","Helicobacter pylori 52"
"hpz","HPKB_0573","K09903","pyrH","uridylate kinase","0.8789","0.5971","Helicobacter pylori 52"
"hpz","HPKB_0574","K03060","rpoZ","DNA-directed RNA polymerase subunit omega","0.7119","0.8249","Helicobacter pylori 52"
"hpz","HPKB_0575","K01139","spoT","GTP diphosphokinase / guanosine-3,5-bis(diphosphate) 3-diphosphatase","0.0609","0.0641","Helicobacter pylori 52"
"hpz","HPKB_0576","K01866","YARS, tyrS","tyrosyl-tRNA synthetase","0.6601","0.5571","Helicobacter pylori 52"
"hpz","HPKB_0577","K00459","ncd2, npd","nitronate monooxygenase","0.0017","0.1220","Helicobacter pylori 52"
"hpz","HPKB_0578","K01448","E3.5.1.28B, amiA, amiB, amiC","N-acetylmuramoyl-L-alanine amidase","0.0606","0.0578","Helicobacter pylori 52"
"hpz","HPKB_0580","K02401","flhB","flagellar biosynthetic protein FlhB","0.0000 ","0.0007","Helicobacter pylori 52"
"hpz","HPKB_0585","K03110","ftsY","fused signal recognition particle receptor","0.6601","0.5766","Helicobacter pylori 52"
"hpz","HPKB_0587","K18682","rny","ribonucrease Y","0.0239","0.0353","Helicobacter pylori 52"
"hpz","HPKB_0590","K12251","aguB","N-carbamoylputrescine amidase","0.0666","0.0079","Helicobacter pylori 52"
"hpz","HPKB_0594","K02422","fliS","flagellar protein FliS","0.0000 ","0.0007","Helicobacter pylori 52"
"hpz","HPKB_0595","K02407","fliD","flagellar hook-associated protein 2","0.0000 ","0.0007","Helicobacter pylori 52"
"hpz","HPKB_0598","K09811","ftsX","cell division transport system permease protein","0.1399","0.0813","Helicobacter pylori 52"
"hpz","HPKB_0599","K09812","ftsE","cell division transport system ATP-binding protein","0.1086","0.0737","Helicobacter pylori 52"
"hpz","HPKB_0605","K14230","tRNA-Met","tRNA Met","0.0000 ","0.2024","Helicobacter pylori 52"
"hpz","HPKB_0606","K00948","PRPS, prsA","ribose-phosphate pyrophosphokinase","0.7656","0.8943","Helicobacter pylori 52"
"hpz","HPKB_0608","K01929","murF","UDP-N-acetylmuramoyl-tripeptide--D-alanyl-D-alanine ligase","0.7026","0.7733","Helicobacter pylori 52"
"hpz","HPKB_0610","K01921","ddl","D-alanine-D-alanine ligase","0.5987","0.5198","Helicobacter pylori 52"
"hpz","HPKB_0611","K01095","pgpA","phosphatidylglycerophosphatase A","0.1284","0.0766","Helicobacter pylori 52"
"hpz","HPKB_0613","K00769","gpt","xanthine phosphoribosyltransferase","0.2718","0.1143","Helicobacter pylori 52"
"hpz","HPKB_0626","K01424","E3.5.1.1, ansA, ansB","L-asparaginase","0.0190","0.1677","Helicobacter pylori 52"
"hpz","HPKB_0632","K02343","DPO3G, dnaX","DNA polymerase III subunit gamma/tau","0.9384","0.9971","Helicobacter pylori 52"
"hpz","HPKB_0634","K06861","lptB","lipopolysaccharide export system ATP-binding protein","0.3018","0.1430","Helicobacter pylori 52"
"hpz","HPKB_0635","K03092","SIG54, rpoN","RNA polymerase sigma-54 factor","0.0055","0.0160","Helicobacter pylori 52"
"hpz","HPKB_0643","K03701","uvrA","excinuclease ABC subunit A","0.0009","0.0194","Helicobacter pylori 52"
"hpz","HPKB_0648","K00901","dgkA, DGK","diacylglycerol kinase (ATP)","0.0685","0.0786","Helicobacter pylori 52"
"hpz","HPKB_0654","K02106","atoE","short-chain fatty acids transporter","0.0031","0.0030","Helicobacter pylori 52"
"hpz","HPKB_0655","K01029","E2.8.3.5B, scoB","3-oxoacid CoA-transferase subunit B","0.0000 ","0.0006","Helicobacter pylori 52"
"hpz","HPKB_0656","K01028","E2.8.3.5A, scoA","3-oxoacid CoA-transferase subunit A","0.0000 ","0.0009","Helicobacter pylori 52"
"hpz","HPKB_0657","K00626","E2.3.1.9, atoB","acetyl-CoA C-acetyltransferase","0.0206","0.0393","Helicobacter pylori 52"
"hpz","HPKB_0664","K02419","fliP","flagellar biosynthetic protein FliP","0.0000 ","0.0007","Helicobacter pylori 52"
"hpz","HPKB_0665","K04042","glmU","bifunctional UDP-N-acetylglucosamine pyrophosphorylase / Glucosamine-1-phosphate N-acetyltransferase","0.5073","0.2081","Helicobacter pylori 52"
"hpz","HPKB_0668","K00525","E1.17.4.1A, nrdA, nrdE","ribonucleoside-diphosphate reductase alpha chain","0.7656","0.6595","Helicobacter pylori 52"
"hpz","HPKB_0669","K13016","wbpB","UDP-N-acetyl-2-amino-2-deoxyglucuronate dehydrogenase","0.0206","0.0182","Helicobacter pylori 52"
"hpz","HPKB_0674","K00812","aspB","aspartate aminotransferase","0.2316","0.1300","Helicobacter pylori 52"
"hpz","HPKB_0678","K11473","glcF","glycolate oxidase iron-sulfur subunit","0.0098","0.0044","Helicobacter pylori 52"
"hpz","HPKB_0681","K01736","aroC","chorismate synthase","0.1496","0.1733","Helicobacter pylori 52"
"hpz","HPKB_0683","K03469","rnhA, RNASEH1","ribonuclease HI","0.0206","0.1042","Helicobacter pylori 52"
"hpz","HPKB_0686","K02434","gatB, PET112","aspartyl-tRNA(Asn)/glutamyl-tRNA(Gln) amidotransferase subunit B","0.5916","0.4150","Helicobacter pylori 52"
"hpz","HPKB_0688","K11784","mqnC","cyclic dehypoxanthinyl futalosine synthase","0.0000 ","0.0464","Helicobacter pylori 52"
"hpz","HPKB_0690","K18285","mqnE","aminodeoxyfutalosine synthase","0.0000 ","0.0464","Helicobacter pylori 52"
"hpz","HPKB_0692","K01079","serB, PSPH","phosphoserine phosphatase","0.0631","0.1324","Helicobacter pylori 52"
"hpz","HPKB_0694","K21929","udg","uracil-DNA glycosylase","0.0000 ","0.0182","Helicobacter pylori 52"
"hpz","HPKB_0695","K01744","aspA","aspartate ammonia-lyase","0.0302","0.0397","Helicobacter pylori 52"
"hpz","HPKB_0696","K00790","murA","UDP-N-acetylglucosamine 1-carboxyvinyltransferase","0.6496","0.7385","Helicobacter pylori 52"
"hpz","HPKB_0698","K00963","UGP2, galU, galF","UTP--glucose-1-phosphate uridylyltransferase","0.2177","0.2983","Helicobacter pylori 52"
"hpz","HPKB_0701","K01885","EARS, gltX","glutamyl-tRNA synthetase","0.6626","0.5645","Helicobacter pylori 52"
"hpz","HPKB_0703","K00970","pcnB","poly(A) polymerase","0.0234","0.1016","Helicobacter pylori 52"
"hpz","HPKB_0704","K06920","queC","7-cyano-7-deazaguanine synthase","0.0000 ","0.1423","Helicobacter pylori 52"
"hpz","HPKB_0710","K03620","hyaC","Ni/Fe-hydrogenase 1 B-type cytochrome subunit","0.0031","0.0030","Helicobacter pylori 52"
"hpz","HPKB_0716","K00674","dapD","2,3,4,5-tetrahydropyridine-2-carboxylate N-succinyltransferase","0.3434","0.1480","Helicobacter pylori 52"
"hpz","HPKB_0717","K03526","gcpE, ispG","(E)-4-hydroxy-3-methylbut-2-enyl-diphosphate synthase","0.6310","0.4182","Helicobacter pylori 52"
"hpz","HPKB_0719","K01924","murC","UDP-N-acetylmuramate--alanine ligase","0.8149","0.6201","Helicobacter pylori 52"
"hpz","HPKB_0721","K07456","mutS2","DNA mismatch repair protein MutS2","0.0000 ","0.0099","Helicobacter pylori 52"
"hpz","HPKB_0722","K01507","ppa","inorganic pyrophosphatase","0.3722","0.1858","Helicobacter pylori 52"
"hpz","HPKB_0726","K00939","adk, AK","adenylate kinase","0.8789","0.7609","Helicobacter pylori 52"
"hpz","HPKB_0727","K01876","DARS, aspS","aspartyl-tRNA synthetase","0.6601","0.5571","Helicobacter pylori 52"
"hpz","HPKB_0728","K03415","cheV","two-component system, chemotaxis family, response regulator CheV","0.0000 ","0.0032","Helicobacter pylori 52"
"hpz","HPKB_0729","K01972","E6.5.1.2, ligA, ligB","DNA ligase (NAD+)","0.7656","0.6583","Helicobacter pylori 52"
"hpz","HPKB_0738","K01599","hemE, UROD","uroporphyrinogen decarboxylase","0.4306","0.2372","Helicobacter pylori 52"
"hpz","HPKB_0741","K02406","fliC","flagellin","0.0016","0.0097","Helicobacter pylori 52"
"hpz","HPKB_0745","K00652","bioF","8-amino-7-oxononanoate synthase","0.0414","0.0827","Helicobacter pylori 52"
"hpz","HPKB_0746","K05366","mrcA","penicillin-binding protein 1A","0.0544","0.0518","Helicobacter pylori 52"
"hpz","HPKB_0752","K00177","korC, oorC","2-oxoglutarate ferredoxin oxidoreductase subunit gamma","0.0044","0.1681","Helicobacter pylori 52"
"hpz","HPKB_0753","K00175","korB, oorB, oforB","2-oxoglutarate/2-oxoacid ferredoxin oxidoreductase subunit beta","0.7777","0.7464","Helicobacter pylori 52"
"hpz","HPKB_0754","K00174","korA, oorA, oforA","2-oxoglutarate/2-oxoacid ferredoxin oxidoreductase subunit alpha","0.7777","0.7464","Helicobacter pylori 52"
"hpz","HPKB_0755","K00176","korD, oorD","2-oxoglutarate ferredoxin oxidoreductase subunit delta","0.0206","0.2277","Helicobacter pylori 52"
"hpz","HPKB_0759","K10773","NTH","endonuclease III","0.0010","0.0113","Helicobacter pylori 52"
"hpz","HPKB_0760","K02417","fliNY, fliN","flagellar motor switch protein FliN/FliY","0.0067","0.0087","Helicobacter pylori 52"
"hpz","HPKB_0763","K01465","URA4, pyrC","dihydroorotase","0.0386","0.1747","Helicobacter pylori 52"
"hpz","HPKB_0767","K01491","folD","methylenetetrahydrofolate dehydrogenase (NADP+) / methenyltetrahydrofolate cyclohydrolase","0.4306","0.4659","Helicobacter pylori 52"
"hpz","HPKB_0768","K03100","lepB, TPP","signal peptidase I","0.3262","0.4509","Helicobacter pylori 52"
"hpz","HPKB_0770","K01808","rpiB","ribose 5-phosphate isomerase B","0.5995","0.5491","Helicobacter pylori 52"
"hpz","HPKB_0772","K00759","APRT, apt","adenine phosphoribosyltransferase","0.2016","0.1143","Helicobacter pylori 52"
"hpz","HPKB_0774","K01255","CARP, pepA","leucyl aminopeptidase","0.0277","0.0512","Helicobacter pylori 52"
"hpz","HPKB_0778","K01778","dapF","diaminopimelate epimerase","0.3297","0.2269","Helicobacter pylori 52"
"hpz","HPKB_0782","K02970","RP-S21, MRPS21, rpsU","small subunit ribosomal protein S21","0.2105","0.4343","Helicobacter pylori 52"
"hpz","HPKB_0783","K00059","fabG","3-oxoacyl-[acyl-carrier protein] reductase","0.7026","0.4376","Helicobacter pylori 52"
"hpz","HPKB_0784","K02078","acpP","acyl carrier protein","0.4873","0.1020","Helicobacter pylori 52"
"hpz","HPKB_0785","K09458","fabF","3-oxoacyl-[acyl-carrier-protein] synthase II","0.7026","0.5553","Helicobacter pylori 52"
"hpz","HPKB_0786","K01962","accA","acetyl-CoA carboxylase carboxyl transferase subunit alpha","0.6626","0.6603","Helicobacter pylori 52"
"hpz","HPKB_0792","K02909","RP-L31, rpmE","large subunit ribosomal protein L31","0.1218","0.4008","Helicobacter pylori 52"
"hpz","HPKB_0793","K03628","rho","transcription termination factor Rho","0.2427","0.1615","Helicobacter pylori 52"
"hpz","HPKB_0794","K01776","murI","glutamate racemase","0.3599","0.4250","Helicobacter pylori 52"
"hpz","HPKB_0817","K03196","virB11, lvhB11","type IV secretion system protein VirB11","0.0000 ","0.0012","Helicobacter pylori 52"
"hpz","HPKB_0827","K02939","RP-L9, MRPL9, rplI","large subunit ribosomal protein L9","0.0090","0.3152","Helicobacter pylori 52"
"hpz","HPKB_0829","K01915","glnA, GLUL","glutamine synthetase","0.4736","0.4162","Helicobacter pylori 52"
"hpz","HPKB_0830","K00215","dapB","4-hydroxy-tetrahydrodipicolinate reductase","0.5376","0.5651","Helicobacter pylori 52"
"hpz","HPKB_0831","K00104","glcD","glycolate oxidase","0.0085","0.0055","Helicobacter pylori 52"
"hpz","HPKB_0837","K02338","DPO3B, dnaN","DNA polymerase III subunit beta","0.8789","0.9703","Helicobacter pylori 52"
"hpz","HPKB_0838","K01058","pldA","phospholipase A1","0.0000 ","0.0000 ","Helicobacter pylori 52"
"hpz","HPKB_0843","K01925","murD","UDP-N-acetylmuramoylalanine--D-glutamate ligase","0.5987","0.7314","Helicobacter pylori 52"
"hpz","HPKB_0844","K01000","mraY","phospho-N-acetylmuramoyl-pentapeptide-transferase","0.6496","0.5029","Helicobacter pylori 52"
"hpz","HPKB_0846","K02902","RP-L28, MRPL28, rpmB","large subunit ribosomal protein L28","0.3164","0.5072","Helicobacter pylori 52"
"hpz","HPKB_0851","K03550","ruvA","holliday junction DNA helicase RuvA","0.0362","0.0821","Helicobacter pylori 52"
"hpz","HPKB_0854","K01883","CARS, cysS","cysteinyl-tRNA synthetase","0.6601","0.3696","Helicobacter pylori 52"
"hpz","HPKB_0857","K02013","ABC.FEV.A","iron complex transport system ATP-binding protein","0.0399","0.0544","Helicobacter pylori 52"
"hpz","HPKB_0858","K02015","ABC.FEV.P","iron complex transport system permease protein","0.0184","0.0354","Helicobacter pylori 52"
"hpz","HPKB_0865","K14230","tRNA-Met","tRNA Met","0.0000 ","0.2024","Helicobacter pylori 52"
"hpz","HPKB_0866","K14223","tRNA-Gln","tRNA Gln","0.0000 ","0.2024","Helicobacter pylori 52"
"hpz","HPKB_0872","K00925","ackA","acetate kinase","0.0298","0.0659","Helicobacter pylori 52"
"hpz","HPKB_0874","K02389","flgD","flagellar basal-body rod modification protein FlgD","0.0000 ","0.0007","Helicobacter pylori 52"
"hpz","HPKB_0879","K03657","uvrD, pcrA","DNA helicase II / ATP-dependent DNA helicase PcrA","0.0351","0.0917","Helicobacter pylori 52"
"hpz","HPKB_0887","K01955","carB, CPA2","carbamoyl-phosphate synthase large subunit","0.4583","0.4389","Helicobacter pylori 52"
"hpz","HPKB_0889","K00134","GAPDH, gapA","glyceraldehyde 3-phosphate dehydrogenase","0.5166","0.5281","Helicobacter pylori 52"
"hpz","HPKB_0892","K01821","praC, xylH","4-oxalocrotonate tautomerase","0.0192","0.0185","Helicobacter pylori 52"
"hpz","HPKB_0893","K06187","recR","recombination protein RecR","0.0040","0.0446","Helicobacter pylori 52"
"hpz","HPKB_0896","K01495","GCH1, folE","GTP cyclohydrolase I","0.4010","0.3596","Helicobacter pylori 52"
"hpz","HPKB_0897","K00795","ispA","farnesyl diphosphate synthase","0.2867","0.2081","Helicobacter pylori 52"
"hpz","HPKB_0898","K03787","surE","5-nucleotidase","0.0584","0.0906","Helicobacter pylori 52"
"hpz","HPKB_0900","K01737","queD, ptpS, PTS","6-pyruvoyltetrahydropterin/6-carboxytetrahydropterin synthase","0.0013","0.1482","Helicobacter pylori 52"
"hpz","HPKB_0901","K10026","queE","7-carboxy-7-deazaguanine synthase","0.0013","0.1471","Helicobacter pylori 52"
"hpz","HPKB_0907","K10009","ABC.CYST.P","cystine transport system permease protein","0.0020","0.0059","Helicobacter pylori 52"
"hpz","HPKB_0908","K02424","fliY","cystine transport system substrate-binding protein","0.0000 ","0.0060","Helicobacter pylori 52"
"hpz","HPKB_0909","K01775","alr","alanine racemase","0.3752","0.4780","Helicobacter pylori 52"
"hpz","HPKB_0911","K00285","dadA","D-amino-acid dehydrogenase","0.0000 ","0.0022","Helicobacter pylori 52"
"hpz","HPKB_0913","K14225","tRNA-Gly","tRNA Gly","0.0000 ","0.2024","Helicobacter pylori 52"
"hpz","HPKB_0915","K14228","tRNA-Leu","tRNA Leu","0.0060","0.2024","Helicobacter pylori 52"
"hpz","HPKB_0916","K14222","tRNA-Cys","tRNA Cys","0.0000 ","0.2024","Helicobacter pylori 52"
"hpz","HPKB_0917","K14233","tRNA-Ser","tRNA Ser","0.0000 ","0.2024","Helicobacter pylori 52"
"hpz","HPKB_0922","K01963","accD","acetyl-CoA carboxylase carboxyl transferase subunit beta","0.6626","0.5064","Helicobacter pylori 52"
"hpz","HPKB_0924","K03743","pncC","nicotinamide-nucleotide amidase","0.0000 ","0.1524","Helicobacter pylori 52"
"hpz","HPKB_0929","K02527","kdtA, waaA","3-deoxy-D-manno-octulosonic-acid transferase","0.5052","0.2548","Helicobacter pylori 52"
"hpz","HPKB_0931","K22391","N/A","","N/A","N/A","Helicobacter pylori 52"
"hpz","HPKB_0932","K01878","glyQ","glycyl-tRNA synthetase alpha chain","0.4306","0.3913","Helicobacter pylori 52"
"hpz","HPKB_0933","K00057","gpsA","glycerol-3-phosphate dehydrogenase (NAD(P)+)","0.2265","0.0904","Helicobacter pylori 52"
"hpz","HPKB_0941","K01879","glyS","glycyl-tRNA synthetase beta chain","0.6310","0.4651","Helicobacter pylori 52"
"hpz","HPKB_0943","K15633","gpmI","2,3-bisphosphoglycerate-independent phosphoglycerate mutase","0.4153","0.4448","Helicobacter pylori 52"
"hpz","HPKB_0944","K02435","gatC, GATC","aspartyl-tRNA(Asn)/glutamyl-tRNA(Gln) amidotransferase subunit C","0.4842","0.3799","Helicobacter pylori 52"
"hpz","HPKB_0945","K00833","bioA","adenosylmethionine---8-amino-7-oxononanoate aminotransferase","0.0190","0.0731","Helicobacter pylori 52"
"hpz","HPKB_0950","K01985","5SrRNA, rrf","5S ribosomal RNA","0.0060","0.3104","Helicobacter pylori 52"
"hpz","HPKB_0951","K01980","23SrRNA, rrl","23S ribosomal RNA","0.0000 ","0.3104","Helicobacter pylori 52"
"hpz","HPKB_0960","K01585","speA","arginine decarboxylase","0.0321","0.0215","Helicobacter pylori 52"
"hpz","HPKB_0964","K01772","hemH, FECH","protoporphyrin/coproporphyrin ferrochelatase","0.4153","0.2412","Helicobacter pylori 52"
"hpz","HPKB_0965","K01874","MARS, metG","methionyl-tRNA synthetase","0.3906","0.3932","Helicobacter pylori 52"
"hpz","HPKB_0968","K14219","tRNA-Arg","tRNA Arg","0.0000 ","0.2024","Helicobacter pylori 52"
"hpz","HPKB_0969","K14219","tRNA-Arg","tRNA Arg","0.0000 ","0.2024","Helicobacter pylori 52"
"hpz","HPKB_0970","K14226","tRNA-His","tRNA His","0.0000 ","0.2024","Helicobacter pylori 52"
"hpz","HPKB_0971","K14232","tRNA-Pro","tRNA Pro","0.0000 ","0.2024","Helicobacter pylori 52"
"hpz","HPKB_0973","K01951","guaA, GMPS","GMP synthase (glutamine-hydrolysing)","0.4583","0.4623","Helicobacter pylori 52"
"hpz","HPKB_0980","K01889","FARSA, pheS","phenylalanyl-tRNA synthetase alpha chain","0.6601","0.5571","Helicobacter pylori 52"
"hpz","HPKB_0981","K01890","FARSB, pheT","phenylalanyl-tRNA synthetase beta chain","0.7119","0.5803","Helicobacter pylori 52"
"hpz","HPKB_0982","K00800","aroA","3-phosphoshikimate 1-carboxyvinyltransferase","0.1299","0.1579","Helicobacter pylori 52"
"hpz","HPKB_0983","K03527","ispH, lytB","4-hydroxy-3-methylbut-2-en-1-yl diphosphate reductase","0.5261","0.3796","Helicobacter pylori 52"
"hpz","HPKB_0984","K02945","RP-S1, rpsA","small subunit ribosomal protein S1","0.3635","0.5201","Helicobacter pylori 52"
"hpz","HPKB_0986","K00058","serA, PHGDH","D-3-phosphoglycerate dehydrogenase / 2-oxoglutarate reductase","0.1073","0.1203","Helicobacter pylori 52"
"hpz","HPKB_0987","K03182","ubiD","4-hydroxy-3-polyprenylbenzoate decarboxylase","0.1083","0.0771","Helicobacter pylori 52"
"hpz","HPKB_0989","K03269","lpxH","UDP-2,3-diacylglucosamine hydrolase","0.3317","0.1700","Helicobacter pylori 52"
"hpz","HPKB_0990","K03415","cheV","two-component system, chemotaxis family, response regulator CheV","0.0000 ","0.0032","Helicobacter pylori 52"
"hpz","HPKB_0991","K03407","cheA","two-component system, chemotaxis family, sensor kinase CheA","0.0016","0.0078","Helicobacter pylori 52"
"hpz","HPKB_0992","K03408","cheW","purine-binding chemotaxis protein CheW","0.0270","0.0084","Helicobacter pylori 52"
"hpz","HPKB_0996","K04066","priA","primosomal protein N (replication factor Y) (superfamily II helicase)","0.1039","0.1241","Helicobacter pylori 52"
"hpz","HPKB_1001","K06013","STE24","STE24 endopeptidase","0.0000 ","0.1555","Helicobacter pylori 52"
"hpz","HPKB_1003","K00262","E1.4.1.4, gdhA","glutamate dehydrogenase (NADP+)","0.2743","0.2224","Helicobacter pylori 52"
"hpz","HPKB_1007","K01772","hemH, FECH","protoporphyrin/coproporphyrin ferrochelatase","0.4153","0.2412","Helicobacter pylori 52"
"hpz","HPKB_1011","K01494","dcd","dCTP deaminase","0.3149","0.2584","Helicobacter pylori 52"
"hpz","HPKB_1012","K02160","accB, bccP","acetyl-CoA carboxylase biotin carboxyl carrier protein","0.6398","0.6233","Helicobacter pylori 52"
"hpz","HPKB_1013","K01961","accC","acetyl-CoA carboxylase, biotin carboxylase subunit","0.6943","0.5149","Helicobacter pylori 52"
"hpz","HPKB_1017","K15895","pseC","UDP-4-amino-4,6-dideoxy-L-N-acetyl-beta-L-altrosamine transaminase","0.0000 ","0.0174","Helicobacter pylori 52"
"hpz","HPKB_1018","K14228","tRNA-Leu","tRNA Leu","0.0060","0.2024","Helicobacter pylori 52"
"hpz","HPKB_1019","K00526","E1.17.4.1B, nrdB, nrdF","ribonucleoside-diphosphate reductase beta chain","0.7656","0.6595","Helicobacter pylori 52"
"hpz","HPKB_1021","K07091","lptF","lipopolysaccharide export system permease protein","0.3434","0.1818","Helicobacter pylori 52"
"hpz","HPKB_1023","K01784","galE, GALE","UDP-glucose 4-epimerase","0.0526","0.0568","Helicobacter pylori 52"
"hpz","HPKB_1024","K14227","tRNA-Ile","tRNA Ile","0.0000 ","0.2024","Helicobacter pylori 52"
"hpz","HPKB_1025","K14218","tRNA-Ala","tRNA Ala","0.0060","0.2024","Helicobacter pylori 52"
"hpz","HPKB_1029","K01625","eda","2-dehydro-3-deoxyphosphogluconate aldolase / (4S)-4-hydroxy-2-oxoglutarate aldolase","0.0053","0.0197","Helicobacter pylori 52"
"hpz","HPKB_1030","K01690","edd","phosphogluconate dehydratase","0.0000 ","0.0297","Helicobacter pylori 52"
"hpz","HPKB_1031","K00036","G6PD, zwf","glucose-6-phosphate 1-dehydrogenase","0.0214","0.0549","Helicobacter pylori 52"
"hpz","HPKB_1032","K01057","PGLS, pgl, devB","6-phosphogluconolactonase","0.0160","0.0142","Helicobacter pylori 52"
"hpz","HPKB_1033","K00845","glk","glucokinase","0.0051","0.0269","Helicobacter pylori 52"
"hpz","HPKB_1039","K00172","porG","pyruvate ferredoxin oxidoreductase gamma subunit","0.7777","0.5109","Helicobacter pylori 52"
"hpz","HPKB_1040","K00171","porD","pyruvate ferredoxin oxidoreductase delta subunit","0.7777","0.5704","Helicobacter pylori 52"
"hpz","HPKB_1041","K00169","porA","pyruvate ferredoxin oxidoreductase alpha subunit","0.7777","0.7448","Helicobacter pylori 52"
"hpz","HPKB_1042","K00170","porB","pyruvate ferredoxin oxidoreductase beta subunit","0.7777","0.7448","Helicobacter pylori 52"
"hpz","HPKB_1043","K01756","purB, ADSL","adenylosuccinate lyase","0.2660","0.2990","Helicobacter pylori 52"
"hpz","HPKB_1045","K03702","uvrB","excinuclease ABC subunit B","0.0041","0.0270","Helicobacter pylori 52"
"hpz","HPKB_1048","K00681","ggt","gamma-glutamyltranspeptidase / glutathione hydrolase","0.0013","0.0125","Helicobacter pylori 52"
"hpz","HPKB_1049","K02396","flgK","flagellar hook-associated protein 1 FlgK","0.0000 ","0.0007","Helicobacter pylori 52"
"hpz","HPKB_1051","K00558","DNMT1, dcm","DNA (cytosine-5)-methyltransferase 1","0.1370","0.1102","Helicobacter pylori 52"
"hpz","HPKB_1061","K02114","ATPF1E, atpC","F-type H+-transporting ATPase subunit epsilon","0.0665","0.2761","Helicobacter pylori 52"
"hpz","HPKB_1062","K02112","ATPF1B, atpD","F-type H+-transporting ATPase subunit beta","0.4028","0.4508","Helicobacter pylori 52"
"hpz","HPKB_1063","K02115","ATPF1G, atpG","F-type H+-transporting ATPase subunit gamma","0.3262","0.4160","Helicobacter pylori 52"
"hpz","HPKB_1064","K02111","ATPF1A, atpA","F-type H+-transporting ATPase subunit alpha","0.3635","0.4331","Helicobacter pylori 52"
"hpz","HPKB_1065","K02113","ATPF1D, atpH","F-type H+-transporting ATPase subunit delta","0.2338","0.3650","Helicobacter pylori 52"
"hpz","HPKB_1066","K02109","ATPF0B, atpF","F-type H+-transporting ATPase subunit b","0.2660","0.3800","Helicobacter pylori 52"
"hpz","HPKB_1067","K02109","ATPF0B, atpF","F-type H+-transporting ATPase subunit b","0.2660","0.3800","Helicobacter pylori 52"
"hpz","HPKB_1070","K03524","birA","BirA family transcriptional regulator, biotin operon repressor / biotin-[acetyl-CoA-carboxylase] ligase","0.5498","0.3672","Helicobacter pylori 52"
"hpz","HPKB_1071","K00604","MTFMT, fmt","methionyl-tRNA formyltransferase","0.5166","0.6569","Helicobacter pylori 52"
"hpz","HPKB_1074","K01977","16SrRNA, rrs","16S ribosomal RNA","0.0000 ","0.3104","Helicobacter pylori 52"
"hpz","HPKB_1077","K02884","RP-L19, MRPL19, rplS","large subunit ribosomal protein L19","0.3906","0.5424","Helicobacter pylori 52"
"hpz","HPKB_1081","K02959","RP-S16, MRPS16, rpsP","small subunit ribosomal protein S16","0.3752","0.5158","Helicobacter pylori 52"
"hpz","HPKB_1082","K03106","SRP54, ffh","signal recognition particle subunit SRP54","0.5327","0.5766","Helicobacter pylori 52"
"hpz","HPKB_1083","K01873","VARS, valS","valyl-tRNA synthetase","0.6601","0.5571","Helicobacter pylori 52"
"hpz","HPKB_1085","K02563","murG","UDP-N-acetylglucosamine--N-acetylmuramyl-(pentapeptide) pyrophosphoryl-undecaprenol N-acetylglucosamine transferase","0.7026","0.5912","Helicobacter pylori 52"
"hpz","HPKB_1088","K00286","proC","pyrroline-5-carboxylate reductase","0.0526","0.0624","Helicobacter pylori 52"
"hpz","HPKB_1094","K00384","trxB","thioredoxin reductase (NADPH)","0.1650","0.2275","Helicobacter pylori 52"
"hpz","HPKB_1096","K01810","GPI, pgi","glucose-6-phosphate isomerase","0.3262","0.3873","Helicobacter pylori 52"
"hpz","HPKB_1108","K03784","deoD","purine-nucleoside phosphorylase","0.0402","0.0637","Helicobacter pylori 52"
"hpz","HPKB_1112","K14230","tRNA-Met","tRNA Met","0.0000 ","0.2024","Helicobacter pylori 52"
"hpz","HPKB_1118","K01674","cah","carbonic anhydrase","0.0000 ","0.0279","Helicobacter pylori 52"
"hpz","HPKB_1120","K00133","asd","aspartate-semialdehyde dehydrogenase","0.4295","0.3677","Helicobacter pylori 52"
"hpz","HPKB_1123","K02843","waaF, rfaF","heptosyltransferase II","0.0366","0.0662","Helicobacter pylori 52"
"hpz","HPKB_1126","K02992","RP-S7, MRPS7, rpsG","small subunit ribosomal protein S7","0.7119","0.6883","Helicobacter pylori 52"
"hpz","HPKB_1127","K02950","RP-S12, MRPS12, rpsL","small subunit ribosomal protein S12","0.5625","0.6211","Helicobacter pylori 52"
"hpz","HPKB_1128","K13797","rpoBC","DNA-directed RNA polymerase subunit beta-beta","0.8098","0.8186","Helicobacter pylori 52"
"hpz","HPKB_1129","K02935","RP-L7, MRPL12, rplL","large subunit ribosomal protein L7/L12","0.6601","0.6651","Helicobacter pylori 52"
"hpz","HPKB_1130","K02864","RP-L10, MRPL10, rplJ","large subunit ribosomal protein L10","0.5800","0.6162","Helicobacter pylori 52"
"hpz","HPKB_1131","K02863","RP-L1, MRPL1, rplA","large subunit ribosomal protein L1","0.4306","0.5610","Helicobacter pylori 52"
"hpz","HPKB_1132","K02867","RP-L11, MRPL11, rplK","large subunit ribosomal protein L11","0.5327","0.5955","Helicobacter pylori 52"
"hpz","HPKB_1134","K03073","secE","preprotein translocase subunit SecE","0.5987","0.5577","Helicobacter pylori 52"
"hpz","HPKB_1135","K14235","tRNA-Trp","tRNA Trp","0.0060","0.2024","Helicobacter pylori 52"
"hpz","HPKB_1136","K02913","RP-L33, MRPL33, rpmG","large subunit ribosomal protein L33","0.0687","0.3611","Helicobacter pylori 52"
"hpz","HPKB_1138","K14234","tRNA-Thr","tRNA Thr","0.0060","0.2024","Helicobacter pylori 52"
"hpz","HPKB_1139","K14225","tRNA-Gly","tRNA Gly","0.0000 ","0.2024","Helicobacter pylori 52"
"hpz","HPKB_1140","K14236","tRNA-Tyr","tRNA Tyr","0.0000 ","0.2024","Helicobacter pylori 52"
"hpz","HPKB_1141","K14234","tRNA-Thr","tRNA Thr","0.0060","0.2024","Helicobacter pylori 52"
"hpz","HPKB_1146","K00640","cysE","serine O-acetyltransferase","0.0386","0.0820","Helicobacter pylori 52"
"hpz","HPKB_1147","K14228","tRNA-Leu","tRNA Leu","0.0060","0.2024","Helicobacter pylori 52"
"hpz","HPKB_1148","K14228","tRNA-Leu","tRNA Leu","0.0060","0.2024","Helicobacter pylori 52"
"hpz","HPKB_1149","K02110","ATPF0C, atpE","F-type H+-transporting ATPase subunit c","0.2416","0.2823","Helicobacter pylori 52"
"hpz","HPKB_1150","K00962","pnp, PNPT1","polyribonucleotide nucleotidyltransferase","0.0841","0.1783","Helicobacter pylori 52"
"hpz","HPKB_1154","K01945","purD","phosphoribosylamine--glycine ligase","0.0268","0.0743","Helicobacter pylori 52"
"hpz","HPKB_1157","K00806","uppS","undecaprenyl diphosphate synthase","0.6186","0.2407","Helicobacter pylori 52"
"hpz","HPKB_1160","K01719","hemD, UROS","uroporphyrinogen-III synthase","0.3727","0.2247","Helicobacter pylori 52"
"hpz","HPKB_1164","K08311","nudH","putative (di)nucleoside polyphosphate hydrolase","0.0058","0.0317","Helicobacter pylori 52"
"hpz","HPKB_1165","K00928","lysC","aspartate kinase","0.3479","0.4527","Helicobacter pylori 52"
"hpz","HPKB_1167","K02341","DPO3D2, holB","DNA polymerase III subunit delta","0.9384","0.9971","Helicobacter pylori 52"
"hpz","HPKB_1168","K00796","folP","dihydropteroate synthase","0.5030","0.3686","Helicobacter pylori 52"
"hpz","HPKB_1173","K01956","carA, CPA1","carbamoyl-phosphate synthase small subunit","0.4583","0.4389","Helicobacter pylori 52"
"hpz","HPKB_1174","K01455","E3.5.1.49","formamidase","0.0000 ","0.0000 ","Helicobacter pylori 52"
"hpz","HPKB_1176","K01872","AARS, alaS","alanyl-tRNA synthetase","0.6601","0.5571","Helicobacter pylori 52"
"hpz","HPKB_1179","K02963","RP-S18, MRPS18, rpsR","small subunit ribosomal protein S18","0.4440","0.5564","Helicobacter pylori 52"
"hpz","HPKB_1180","K03111","ssb","single-strand DNA-binding protein","0.4028","0.5247","Helicobacter pylori 52"
"hpz","HPKB_1181","K02990","RP-S6, MRPS6, rpsF","small subunit ribosomal protein S6","0.5030","0.5709","Helicobacter pylori 52"
"hpz","HPKB_1182","K02340","DPO3D1, holA","DNA polymerase III subunit delta","0.9384","0.9971","Helicobacter pylori 52"
"hpz","HPKB_1183","K12573","rnr, vacB","ribonuclease R","0.0090","0.0479","Helicobacter pylori 52"
"hpz","HPKB_1184","K00014","aroE","shikimate dehydrogenase","0.1039","0.1242","Helicobacter pylori 52"
"hpz","HPKB_1186","K13894","yejB","microcin C transport system permease protein","0.0000 ","0.0053","Helicobacter pylori 52"
"hpz","HPKB_1187","K13893","yejA","microcin C transport system substrate-binding protein","0.0000 ","0.0053","Helicobacter pylori 52"
"hpz","HPKB_1188","K01867","WARS, trpS","tryptophanyl-tRNA synthetase","0.5166","0.4923","Helicobacter pylori 52"
"hpz","HPKB_1189","K02169","bioC","malonyl-CoA O-methyltransferase","0.3922","0.0824","Helicobacter pylori 52"
"hpz","HPKB_1190","K03075","secG","preprotein translocase subunit SecG","0.0644","0.3115","Helicobacter pylori 52"
"hpz","HPKB_1192","K00762","pyrE","orotate phosphoribosyltransferase","0.0259","0.1665","Helicobacter pylori 52"
"hpz","HPKB_1196","K00330","nuoA","NADH-quinone oxidoreductase subunit A","0.0526","0.0355","Helicobacter pylori 52"
"hpz","HPKB_1197","K00331","nuoB","NADH-quinone oxidoreductase subunit B","0.0936","0.0437","Helicobacter pylori 52"
"hpz","HPKB_1198","K00332","nuoC","NADH-quinone oxidoreductase subunit C","0.0887","0.0288","Helicobacter pylori 52"
"hpz","HPKB_1199","K00333","nuoD","NADH-quinone oxidoreductase subunit D","0.1207","0.0319","Helicobacter pylori 52"
"hpz","HPKB_1200","K00334","nuoE","NADH-quinone oxidoreductase subunit E","0.0980","0.0425","Helicobacter pylori 52"
"hpz","HPKB_1201","K00335","nuoF","NADH-quinone oxidoreductase subunit F","0.0980","0.0425","Helicobacter pylori 52"
"hpz","HPKB_1202","K00336","nuoG","NADH-quinone oxidoreductase subunit G","0.1241","0.0469","Helicobacter pylori 52"
"hpz","HPKB_1203","K00337","nuoH","NADH-quinone oxidoreductase subunit H","0.0936","0.0437","Helicobacter pylori 52"
"hpz","HPKB_1204","K00338","nuoI","NADH-quinone oxidoreductase subunit I","0.1462","0.0307","Helicobacter pylori 52"
"hpz","HPKB_1205","K00339","nuoJ","NADH-quinone oxidoreductase subunit J","0.1184","0.0483","Helicobacter pylori 52"
"hpz","HPKB_1206","K00340","nuoK","NADH-quinone oxidoreductase subunit K","0.1184","0.0483","Helicobacter pylori 52"
"hpz","HPKB_1207","K00341","nuoL","NADH-quinone oxidoreductase subunit L","0.1184","0.0299","Helicobacter pylori 52"
"hpz","HPKB_1208","K00342","nuoM","NADH-quinone oxidoreductase subunit M","0.1462","0.0896","Helicobacter pylori 52"
"hpz","HPKB_1209","K00343","nuoN","NADH-quinone oxidoreductase subunit N","0.0936","0.0437","Helicobacter pylori 52"
"hpz","HPKB_1211","K15778","pmm-pgm","phosphomannomutase / phosphoglucomutase","0.1854","0.2408","Helicobacter pylori 52"
"hpz","HPKB_1213","K01695","trpA","tryptophan synthase alpha chain","0.0606","0.0979","Helicobacter pylori 52"
"hpz","HPKB_1214","K01696","trpB","tryptophan synthase beta chain","0.0606","0.0979","Helicobacter pylori 52"
"hpz","HPKB_1215","K13498","trpCF","indole-3-glycerol phosphate synthase / phosphoribosylanthranilate isomerase","0.0722","0.0821","Helicobacter pylori 52"
"hpz","HPKB_1216","K00766","trpD","anthranilate phosphoribosyltransferase","0.0503","0.0927","Helicobacter pylori 52"
"hpz","HPKB_1217","K01658","trpG","anthranilate synthase component II","0.0482","0.0712","Helicobacter pylori 52"
"hpz","HPKB_1218","K01657","trpE","anthranilate synthase component I","0.0429","0.0698","Helicobacter pylori 52"
"hpz","HPKB_1222","K03707","tenA","thiaminase (transcriptional activator TenA)","0.0000 ","0.0811","Helicobacter pylori 52"
"hpz","HPKB_1224","K00949","thiN, TPK1, THI80","thiamine pyrophosphokinase","0.0796","0.0972","Helicobacter pylori 52"
"hpz","HPKB_1225","K02879","RP-L17, MRPL17, rplQ","large subunit ribosomal protein L17","0.4726","0.5803","Helicobacter pylori 52"
"hpz","HPKB_1226","K03040","rpoA","DNA-directed RNA polymerase subunit alpha","0.9384","0.8488","Helicobacter pylori 52"
"hpz","HPKB_1227","K02986","RP-S4, rpsD","small subunit ribosomal protein S4","0.7119","0.6883","Helicobacter pylori 52"
"hpz","HPKB_1228","K02948","RP-S11, MRPS11, rpsK","small subunit ribosomal protein S11","0.7119","0.6883","Helicobacter pylori 52"
"hpz","HPKB_1229","K02952","RP-S13, rpsM","small subunit ribosomal protein S13","0.6103","0.6427","Helicobacter pylori 52"
"hpz","HPKB_1230","K02919","RP-L36, MRPL36, rpmJ","large subunit ribosomal protein L36","0.1815","0.4208","Helicobacter pylori 52"
"hpz","HPKB_1233","K03076","secY","preprotein translocase subunit SecY","0.6601","0.6114","Helicobacter pylori 52"
"hpz","HPKB_1234","K02876","RP-L15, MRPL15, rplO","large subunit ribosomal protein L15","0.5625","0.6211","Helicobacter pylori 52"
"hpz","HPKB_1235","K02988","RP-S5, MRPS5, rpsE","small subunit ribosomal protein S5","0.7119","0.6883","Helicobacter pylori 52"
"hpz","HPKB_1236","K02881","RP-L18, MRPL18, rplR","large subunit ribosomal protein L18","0.5625","0.6211","Helicobacter pylori 52"
"hpz","HPKB_1237","K02933","RP-L6, MRPL6, rplF","large subunit ribosomal protein L6","0.7656","0.7124","Helicobacter pylori 52"
"hpz","HPKB_1238","K02994","RP-S8, rpsH","small subunit ribosomal protein S8","0.6293","0.6378","Helicobacter pylori 52"
"hpz","HPKB_1239","K02954","RP-S14, MRPS14, rpsN","small subunit ribosomal protein S14","0.5625","0.6211","Helicobacter pylori 52"
"hpz","HPKB_1240","K02931","RP-L5, MRPL5, rplE","large subunit ribosomal protein L5","0.7119","0.6883","Helicobacter pylori 52"
"hpz","HPKB_1241","K02895","RP-L24, MRPL24, rplX","large subunit ribosomal protein L24","0.5800","0.6162","Helicobacter pylori 52"
"hpz","HPKB_1242","K02874","RP-L14, MRPL14, rplN","large subunit ribosomal protein L14","0.5166","0.6003","Helicobacter pylori 52"
"hpz","HPKB_1243","K02961","RP-S17, MRPS17, rpsQ","small subunit ribosomal protein S17","0.4873","0.5756","Helicobacter pylori 52"
"hpz","HPKB_1244","K02904","RP-L29, rpmC","large subunit ribosomal protein L29","0.4873","0.5756","Helicobacter pylori 52"
"hpz","HPKB_1245","K02878","RP-L16, MRPL16, rplP","large subunit ribosomal protein L16","0.7119","0.6883","Helicobacter pylori 52"
"hpz","HPKB_1246","K02982","RP-S3, rpsC","small subunit ribosomal protein S3","0.7119","0.6883","Helicobacter pylori 52"
"hpz","HPKB_1247","K02890","RP-L22, MRPL22, rplV","large subunit ribosomal protein L22","0.4873","0.5756","Helicobacter pylori 52"
"hpz","HPKB_1248","K02965","RP-S19, rpsS","small subunit ribosomal protein S19","0.4873","0.5756","Helicobacter pylori 52"
"hpz","HPKB_1249","K02886","RP-L2, MRPL2, rplB","large subunit ribosomal protein L2","0.7119","0.6883","Helicobacter pylori 52"
"hpz","HPKB_1250","K02892","RP-L23, MRPL23, rplW","large subunit ribosomal protein L23","0.5987","0.6114","Helicobacter pylori 52"
"hpz","HPKB_1251","K02926","RP-L4, MRPL4, rplD","large subunit ribosomal protein L4","0.6807","0.6601","Helicobacter pylori 52"
"hpz","HPKB_1252","K02906","RP-L3, MRPL3, rplC","large subunit ribosomal protein L3","0.7341","0.6833","Helicobacter pylori 52"
"hpz","HPKB_1253","K02946","RP-S10, MRPS10, rpsJ","small subunit ribosomal protein S10","0.4873","0.5756","Helicobacter pylori 52"
"hpz","HPKB_1256","K03470","rnhB","ribonuclease HII","0.0093","0.1015","Helicobacter pylori 52"
"hpz","HPKB_1258","K01679","E4.2.1.2B, fumC","fumarate hydratase, class II","0.1043","0.1495","Helicobacter pylori 52"
"hpz","HPKB_1262","K07787","cusA, silA","Cu(I)/Ag(I) efflux system membrane protein CusA/SilA","0.0000 ","0.0007","Helicobacter pylori 52"
"hpz","HPKB_1267","K00566","mnmA, trmU","tRNA-uridine 2-sulfurtransferase","0.5166","0.3627","Helicobacter pylori 52"
"hpz","HPKB_1269","K00969","nadD","nicotinate-nucleotide adenylyltransferase","0.4583","0.4141","Helicobacter pylori 52"
"hpz","HPKB_1278","K02377","TSTA3, fcl","GDP-L-fucose synthase","0.0091","0.0281","Helicobacter pylori 52"
"hpz","HPKB_1279","K01711","gmd, GMDS","GDPmannose 4,6-dehydratase","0.0067","0.0349","Helicobacter pylori 52"
"hpz","HPKB_1280","K00971","manC, cpsB","mannose-1-phosphate guanylyltransferase","0.0180","0.0457","Helicobacter pylori 52"
"hpz","HPKB_1288","K01579","panD","aspartate 1-decarboxylase","0.1399","0.1934","Helicobacter pylori 52"
"hpz","HPKB_1294","K01935","bioD","dethiobiotin synthetase","0.0414","0.1142","Helicobacter pylori 52"
"hpz","HPKB_1296","K00031","IDH1, IDH2, icd","isocitrate dehydrogenase","0.1443","0.2055","Helicobacter pylori 52"
"hpz","HPKB_1297","K01647","CS, gltA","citrate synthase","0.2338","0.2171","Helicobacter pylori 52"
"hpz","HPKB_1304","K01012","bioB","biotin synthase","0.0544","0.1254","Helicobacter pylori 52"
"hpz","HPKB_1307","K01985","5SrRNA, rrf","5S ribosomal RNA","0.0060","0.3104","Helicobacter pylori 52"
"hpz","HPKB_1308","K01980","23SrRNA, rrl","23S ribosomal RNA","0.0000 ","0.3104","Helicobacter pylori 52"
"hpz","HPKB_1312","K09457","queF","7-cyano-7-deazaguanine reductase","0.0091","0.1493","Helicobacter pylori 52"
"hpz","HPKB_1314","K03279","waaJ, rfaJ","UDP-glucose:(galactosyl)LPS alpha-1,2-glucosyltransferase","0.0000 ","0.0605","Helicobacter pylori 52"
"hpz","HPKB_1317","K00075","murB","UDP-N-acetylmuramate dehydrogenase","0.7026","0.7608","Helicobacter pylori 52"
"hpz","HPKB_1318","K02420","fliQ","flagellar biosynthetic protein FliQ","0.0000 ","0.0013","Helicobacter pylori 52"
"hpz","HPKB_1319","K02412","fliI","flagellum-specific ATP synthase","0.0000 ","0.0007","Helicobacter pylori 52"
"hpz","HPKB_1320","K03196","virB11, lvhB11","type IV secretion system protein VirB11","0.0000 ","0.0012","Helicobacter pylori 52"
"hpz","HPKB_1321","K01870","IARS, ileS","isoleucyl-tRNA synthetase","0.7341","0.5753","Helicobacter pylori 52"
"hpz","HPKB_1326","K06041","kdsD, kpsF","arabinose-5-phosphate isomerase","0.3297","0.1914","Helicobacter pylori 52"
"hpz","HPKB_1327","K12574","rnj","ribonuclease J","0.1142","0.0776","Helicobacter pylori 52"
"hpz","HPKB_1332","K01433","purU","formyltetrahydrofolate deformylase","0.0206","0.0571","Helicobacter pylori 52"
"hpz","HPKB_1340","K01977","16SrRNA, rrs","16S ribosomal RNA","0.0000 ","0.3104","Helicobacter pylori 52"
"hpz","HPKB_1343","K03563","csrA","carbon storage regulator","0.0770","0.0341","Helicobacter pylori 52"
"hpz","HPKB_1344","K00919","ispE","4-diphosphocytidyl-2-C-methyl-D-erythritol kinase","0.5198","0.4114","Helicobacter pylori 52"
"hpz","HPKB_1348","K02914","RP-L34, MRPL34, rpmH","large subunit ribosomal protein L34","0.3752","0.5158","Helicobacter pylori 52"
"hpz","HPKB_1351","K03217","yidC, spoIIIJ, OXA1, ccfA","YidC/Oxa1 family membrane protein insertase","0.5327","0.5418","Helicobacter pylori 52"
"hpz","HPKB_1366","K02067","mlaD, linM","phospholipid/cholesterol/gamma-HCH transport system substrate-binding protein","0.0000 ","0.0053","Helicobacter pylori 52"
"hpz","HPKB_1367","K02065","mlaF, linL, mkl","phospholipid/cholesterol/gamma-HCH transport system ATP-binding protein","0.0012","0.0117","Helicobacter pylori 52"
"hpz","HPKB_1368","K02066","mlaE, linK","phospholipid/cholesterol/gamma-HCH transport system permease protein","0.0012","0.0117","Helicobacter pylori 52"
"hpz","HPKB_1370","K00826","E2.6.1.42, ilvE","branched-chain amino acid aminotransferase","0.0166","0.0653","Helicobacter pylori 52"
"hpz","HPKB_1372","K02335","DPO1, polA","DNA polymerase I","0.7656","0.8943","Helicobacter pylori 52"
"hpz","HPKB_1374","K00558","DNMT1, dcm","DNA (cytosine-5)-methyltransferase 1","0.1370","0.1102","Helicobacter pylori 52"
"hpz","HPKB_1378","K00943","tmk, DTYMK","dTMP kinase","0.7026","0.4891","Helicobacter pylori 52"
"hpz","HPKB_1379","K00954","E2.7.7.3A, coaD, kdtB","pantetheine-phosphate adenylyltransferase","0.5327","0.4431","Helicobacter pylori 52"
"hpz","HPKB_1380","K03186","ubiX, bsdB, PAD1","flavin prenyltransferase","0.0788","0.0786","Helicobacter pylori 52"
"hpz","HPKB_1381","K02386","flgA","flagella basal body P-ring formation protein FlgA","0.0018","0.0048","Helicobacter pylori 52"
"hpz","HPKB_1382","K03657","uvrD, pcrA","DNA helicase II / ATP-dependent DNA helicase PcrA","0.0351","0.0917","Helicobacter pylori 52"
"hpz","HPKB_1384","K01875","SARS, serS","seryl-tRNA synthetase","0.6103","0.5347","Helicobacter pylori 52"
"hpz","HPKB_1386","K03602","xseB","exodeoxyribonuclease VII small subunit","0.0190","0.0389","Helicobacter pylori 52"
"hpz","HPKB_1387","K03183","ubiE","demethylmenaquinone methyltransferase / 2-methoxy-6-polyprenyl-1,4-benzoquinol methylase","0.3865","0.2014","Helicobacter pylori 52"
"hpz","HPKB_1398","K01928","murE","UDP-N-acetylmuramoyl-L-alanyl-D-glutamate--2,6-diaminopimelate ligase","0.5681","0.4831","Helicobacter pylori 52"
"hpz","HPKB_1399","K00616","E2.2.1.2, talA, talB","transaldolase","0.2499","0.2247","Helicobacter pylori 52"
"hpz","HPKB_1400","K02897","RP-L25, rplY","large subunit ribosomal protein L25","0.0966","0.3652","Helicobacter pylori 52"
"hpz","HPKB_1402","K11720","lptG","lipopolysaccharide export system permease protein","0.4649","0.1818","Helicobacter pylori 52"
"hpz","HPKB_1408","K11752","ribD","diaminohydroxyphosphoribosylaminopyrimidine deaminase / 5-amino-6-(5-phosphoribosylamino)uracil reductase","0.1944","0.2829","Helicobacter pylori 52"
"hpz","HPKB_1410","K00290","LYS1","saccharopine dehydrogenase (NAD+, L-lysine forming)","0.0039","0.0222","Helicobacter pylori 52"
"hpz","HPKB_1412","K08591","plsY","glycerol-3-phosphate acyltransferase PlsY","0.6496","0.6200","Helicobacter pylori 52"
"hpz","HPKB_1413","K01633","folB","dihydroneopterin aldolase / 7,8-dihydroneopterin epimerase","0.4583","0.2731","Helicobacter pylori 52"
"hpz","HPKB_1416","K01042","selA","L-seryl-tRNA(Ser) seleniumtransferase","0.0000 ","0.1409","Helicobacter pylori 52"
"hpz","HPKB_1424","K03655","recG","ATP-dependent DNA helicase RecG","0.0000 ","0.0283","Helicobacter pylori 52"
"hpz","HPKB_1427","K01142","E3.1.11.2, xthA","exodeoxyribonuclease III","0.0010","0.0110","Helicobacter pylori 52"
"hpz","HPKB_1428","K14231","tRNA-Phe","tRNA Phe","0.0000 ","0.2024","Helicobacter pylori 52"
"hpz","HPKB_1430","K02313","dnaA","chromosomal replication initiator protein","0.5800","0.2130","Helicobacter pylori 52"
"hpz","HPKB_1433","K00820","glmS, GFPT","glucosamine--fructose-6-phosphate aminotransferase (isomerizing)","0.6712","0.7161","Helicobacter pylori 52"
"hpz","HPKB_1434","K03465","thyX, thy1","thymidylate synthase (FAD)","0.4428","0.3308","Helicobacter pylori 52"
"hpz","HPKB_1441","K01476","E3.5.3.1, rocF, arg","arginase","0.0000 ","0.0005","Helicobacter pylori 52"
"hpz","HPKB_1443","K00259","ald","alanine dehydrogenase","0.3500","0.2236","Helicobacter pylori 52"
"hpz","HPKB_1446","K00858","ppnK, NADK","NAD+ kinase","0.5327","0.4578","Helicobacter pylori 52"
"hpz","HPKB_1452","K02342","DPO3E, dnaQ","DNA polymerase III subunit epsilon","0.8212","0.6494","Helicobacter pylori 52"
"hpz","HPKB_1453","K01783","rpe, RPE","ribulose-phosphate 3-epimerase","0.3164","0.3150","Helicobacter pylori 52"
"hpz","HPKB_1454","K03841","FBP, fbp","fructose-1,6-bisphosphatase I","0.5073","0.5137","Helicobacter pylori 52"
"hpz","HPKB_1460","K02967","RP-S2, MRPS2, rpsB","small subunit ribosomal protein S2","0.4440","0.5564","Helicobacter pylori 52"
"hpz","HPKB_1463","K03210","yajC","preprotein translocase subunit YajC","0.1110","0.3272","Helicobacter pylori 52"
"hpz","HPKB_1464","K03072","secD","preprotein translocase subunit SecD","0.3583","0.2073","Helicobacter pylori 52"
"hpz","HPKB_1465","K03074","secF","preprotein translocase subunit SecF","0.2743","0.1805","Helicobacter pylori 52"
"hpz","HPKB_1467","K01869","LARS, leuS","leucyl-tRNA synthetase","0.6103","0.5347","Helicobacter pylori 52"
"hpz","HPKB_1469","K11754","folC","dihydrofolate synthase / folylpolyglutamate synthase","0.5987","0.4070","Helicobacter pylori 52"
"hpz","HPKB_1473","K03723","mfd","transcription-repair coupling factor (superfamily II helicase)","0.0010","0.0189","Helicobacter pylori 52"
"hpz","HPKB_1474","K00411","UQCRFS1, RIP1, petA","ubiquinol-cytochrome c reductase iron-sulfur subunit","0.0000 ","0.0025","Helicobacter pylori 52"
"hpz","HPKB_1475","K00412","CYTB, petB","ubiquinol-cytochrome c reductase cytochrome b subunit","0.0000 ","0.0026","Helicobacter pylori 52"
"hpz","HPKB_1476","K00413","CYC1, CYT1, petC","ubiquinol-cytochrome c reductase cytochrome c1 subunit","0.0098","0.0089","Helicobacter pylori 52"
"hpz","HPKB_1479","K03587","ftsI","cell division protein FtsI (penicillin-binding protein 3)","0.4471","0.0687","Helicobacter pylori 52"
"hpz","HPKB_1480","K02408","fliE","flagellar hook-basal body complex protein FliE","0.0016","0.0053","Helicobacter pylori 52"
"hpz","HPKB_1481","K02388","flgC","flagellar basal-body rod protein FlgC","0.0000 ","0.0007","Helicobacter pylori 52"
"hpz","HPKB_1482","K02387","flgB","flagellar basal-body rod protein FlgB","0.0000 ","0.0007","Helicobacter pylori 52"
"hpz","HPKB_1484","K02016","ABC.FEV.S","iron complex transport system substrate-binding protein","0.0044","0.0127","Helicobacter pylori 52"
"hpz","HPKB_1485","K02016","ABC.FEV.S","iron complex transport system substrate-binding protein","0.0044","0.0127","Helicobacter pylori 52"
"hpz","HPKB_1487","K02073","metQ","D-methionine transport system substrate-binding protein","0.0000 ","0.0053","Helicobacter pylori 52"
"hpz","HPKB_1488","K05515","mrdA","penicillin-binding protein 2","0.2106","0.0687","Helicobacter pylori 52"
"hpz","HPKB_1493","K03270","kdsC","3-deoxy-D-manno-octulosonate 8-phosphate phosphatase (KDO 8-P phosphatase)","0.2316","0.1497","Helicobacter pylori 52"
"hpz","HPKB_1497","K00793","ribE, RIB5","riboflavin synthase","0.2177","0.2963","Helicobacter pylori 52"
"hpz","HPKB_1499","K02071","metN","D-methionine transport system ATP-binding protein","0.0000 ","0.0053","Helicobacter pylori 52"
"hpz","HPKB_1500","K02072","metI","D-methionine transport system permease protein","0.0000 ","0.0053","Helicobacter pylori 52"
"hpz","HPKB_1504","K03474","pdxJ","pyridoxine 5-phosphate synthase","0.2365","0.1560","Helicobacter pylori 52"
"hpz","HPKB_1505","K00097","pdxA","4-hydroxythreonine-4-phosphate dehydrogenase","0.2365","0.1560","Helicobacter pylori 52"
"hpz","HPKB_1507","K02392","flgG","flagellar basal-body rod protein FlgG","0.0000 ","0.0007","Helicobacter pylori 52"
